[
  {
    "icon": "fa fa-home",
    "slug": "external",
    "title": "Volver al inicio",
    "path": "index.html"
  },  
  { 
    "id": 1,
    "icon": "fa fa-play-circle",
    "slug": "introduccion",
    "title": "Introducción",
    "breadcrumb": ["Inicio","introduccion"],
    "path": "pages/1-tema.html"
  },
  { 
    "id": 2,
    "icon": "fa fa-file-text-o",
    "slug": "conceptos",
    "title": "1. Conceptos básicos",
    "breadcrumb": ["Inicio","conceptos"],
    "path": "pages/2-tema.html",    
    "submenu": [
      {
        "icon": "fa fa-file-text-o",
        "slug": "conceptos",
        "title": "1.1 Comunicación y lenguaje, lengua y habla",
        "anchor": "11"
      },
      {
        "icon": "fa fa-file-text-o",
        "slug": "conceptos",
        "title": "1.2 Elementos básicos de fonética: sonidos, fonemas, grafías",
        "anchor": "12"
      },
      {
        "icon": "fa fa-file-text-o",
        "slug": "conceptos",
        "title": "1.3 Acentuación de palabras",
        "anchor": "13"
      }
    ]
  },
  { 
    "id": 3,
    "icon": "fa fa-file-text-o",
    "slug": "elementos",
    "title": "2. Elementos básicos de morfosintaxis",
    "breadcrumb": ["Inicio","elementos"],
    "path": "pages/3-tema.html",    
    "submenu": [
      {
        "icon": "fa fa-file-text-o",
        "slug": "elementos",
        "title": "2.1 Clases de palabras y sus accidentes gramaticales",
        "anchor": "21"
      },
      {
        "icon": "fa fa-file-text-o",
        "slug": "elementos",
        "title": "2.2 La oración: concepto; elementos de la oración",
        "anchor": "22"
      },
      {
        "icon": "fa fa-file-text-o",
        "slug": "elementos",
        "title": "2.3 Clases de oraciones",
        "anchor": "23"
      }
    ]
  },
  { 
    "id": 4,
    "icon": "fa fa-file-text-o",
    "slug": "semantica",
    "title": "3. Semántica",
    "breadcrumb": ["Inicio","semantica"],
    "path": "pages/4-tema.html"
  }
]